point_from,point_to,weight
37292428,1398605364,1
23699500,351399926,1
14707553,35084627,2
19898890,3063697555,1
79459832,2459169938,2
245158192,19178668,1
247696871,2402894750,1
2360323201,2790288915,1
431658017,14711982,2
51271144,75142659,1
23411203,31069840,2
35588686,17263897,1
3043106869,599745022,1
714051386,350209691,1
752078492,340376505,1
170276973,2710541450,1
1955720384,2949949244,2
135132634,1059207842,2
37413076,99233470,2
2360323201,23901130,1
714051386,79459832,2
23747654,1557009919,2
21184634,340376505,1
424617920,599745022,1
22859657,20644420,1
47368893,2571856887,3
23935607,19178668,1
99233470,275622946,2
25807167,25227822,1
24144135,73850532,2
2473092354,404444443,1
41298522,1289990616,1
704903653,130417544,1
1333946204,1099683991,1
247696871,2961908465,2
193700451,138294089,1
2322065402,450414092,2
2360323201,410543377,1
181892978,99233470,2
38106977,132445467,1
138294089,2949949244,2
861839144,1040568314,3
337995180,254941287,1
39935935,546641586,1
22863660,19178668,1
714051386,1240932972,1
152604471,337995180,2
1059207842,36327171,1
2105021,1715460890,2
359236505,526411749,2
21177426,25227822,2
162266849,254941287,2
413779729,249985329,2
21552376,176294000,2
20569411,1523549617,1
347048522,9444712,2
24669894,294340629,1
26452697,157996080,2
2891662632,99233470,2
1017123967,486241691,2
23567167,77149862,2
187903389,48951240,1
98605029,26198761,1
178183112,152604471,2
34472348,37179327,2
19707925,599745022,1
26373938,14711982,2
61348039,1523942082,2
264598651,2483605494,1
2459169938,108012664,1
2360323201,532938116,1
38388324,84822058,2
1955720384,64980891,2
177134723,20644420,1
2587278392,2949949244,2
476350851,558279290,2
289846547,343280656,1
144840737,17569860,1
2941433214,23901130,1
21177426,37200824,2
535180227,19580931,2
15374531,272701790,1
2360323201,2587278392,1
39935935,1874504276,1
36608957,26731498,2
34760378,61348039,2
21460983,750772255,1
144840737,25807167,2
1580228064,2105021,2
450414092,436502521,1
99233470,23535665,2
730916496,20644420,1
187138183,19580931,2
2601524623,272701790,1
2941433214,2294201833,1
46076472,20644420,1
247696871,20644420,1
23757424,31103336,1
193700451,1557009919,2
2360323201,1600557554,1
79459832,2408638574,1
480300122,26452697,2
2437652922,2360323201,1
46076472,2831363550,1
79459832,71416635,2
2105021,2797758762,2
54522269,25807167,2
34161812,340376505,1
12201452,593577212,1
33134609,772477398,1
99233470,73850532,2
198773386,494505475,2
347048522,34760378,2
19440175,20644420,1
153410226,49477936,2
412180717,198773386,1
2322065402,2831363550,2
573614242,340376505,1
30544168,599745022,1
2360323201,21848593,1
162266849,272701790,2
245158192,261162002,1
2941433214,14711982,1
21738556,26731498,2
2360323201,99233470,1
193700451,885751759,2
515078963,275622946,1
247696871,2408638574,1
1059207842,43656765,1
36951856,450414092,2
599185040,450414092,2
19580931,340376505,1
30183481,187138183,1
450414092,61422376,2
144840737,19440175,1
351399926,413779729,1
68945794,416081088,1
77182888,23411203,2
238768817,436502521,2
376679416,599745022,1
17569860,116074537,1
1415578772,471589631,1
618881569,622582233,1
145331030,2710541450,1
489247802,22607317,2
23411203,1537918573,2
2360323201,33894316,2
26452697,20644420,1
15641984,153410226,2
22116112,1600557554,2
1632123685,19440175,1
86277690,2797758762,1
24791335,37600849,2
590939369,294340629,1
38398282,35466620,1
556661091,450414092,2
39935935,29425573,2
2640990344,459256894,2
19898890,144840737,1
2322065402,153410226,2
480300122,105459936,2
189467550,226904642,1
130123715,19524046,2
135132634,22135526,2
19913546,327926324,2
31069840,1902051997,2
2710900951,1920668550,2
162266849,1532819112,1
22223971,20644420,1
193700451,36327171,2
26373938,505651301,1
907734912,515078963,2
178183112,245348903,2
22863660,14711982,2
21828233,34153781,2
21848593,275622946,1
1580228064,599745022,2
64980891,590023803,1
773658752,270294818,1
14223097,359236505,1
130417544,324746450,1
170276973,1059207842,2
36327171,254941287,1
16947907,1535422453,2
26452697,2408638574,1
153410226,338382027,1
943210460,3017288564,1
750772255,157996080,2
22871737,22135526,2
76687298,25794695,1
351399926,298498586,1
17051256,297877558,2
35084627,23935607,2
252930973,37659338,1
22874109,340376505,1
2437652922,2294201833,1
27608469,2831363550,1
22607317,1015170002,2
2473092354,2992750166,1
359236505,327926324,2
2360323201,236763329,1
22840845,39242479,2
15902589,358681085,1
2360323201,177134723,2
36951856,515078963,2
9444022,1512607639,1
22859657,25807167,2
38388324,35172803,1
340376505,25794695,2
27176695,19524046,1
1512607639,556661091,1
24152253,20644420,1
1955720384,359236505,3
436502521,35466620,1
27225245,181892978,2
2105021,19440175,2
414244661,23699500,2
599745022,38106977,2
25227822,21552376,2
264598651,23747654,2
254941287,29927621,2
826701510,2437652922,2
2584746324,272701790,1
2992750166,388206160,1
152604471,38106977,2
275622946,2878701780,1
719655337,1132200937,2
1484651119,19524046,2
289846547,3017288564,1
405453388,51271144,1
2470821504,337995180,1
232728981,2294201833,2
467193917,245158192,1
2941433214,359236505,1
545159350,463523296,1
327926324,340376505,1
727894124,2273823290,1
15641984,590023803,1
220616405,340376505,1
266503061,340376505,1
515078963,340376505,1
79459832,170276973,2
193109850,99233470,1
33134609,556661091,1
376679416,340376505,1
309579914,20644420,1
2360323201,2473092354,2
714051386,20644420,1
249953574,372588162,1
436502521,20644420,1
26403375,29406736,1
2322065402,590023803,1
180755998,19178668,1
64980891,376679416,1
614204775,20644420,1
39935935,450414092,2
2105021,337995180,1
64855519,130123715,1
17569860,298498586,1
17227586,130417544,1
37413076,193700451,2
359236505,2459169938,3
113312341,80816781,2
826701510,14711982,1
1695442555,20644420,1
714051386,77182888,2
410748351,1580228064,1
272701790,160132829,2
21177426,261162002,1
36951856,170276973,1
289846547,20644420,1
26731498,19178668,1
359236505,502757492,2
2287758954,414244661,1
25257175,201303134,1
20569411,41298522,2
193700451,267133998,1
113574722,21184634,2
68945794,340376505,1
170276973,1557009919,2
153410226,2710541450,1
34172656,340376505,1
249985329,15037961,2
3014154552,700745372,2
384731898,486241691,1
38290921,2105021,2
342065781,261162002,2
162266849,2459169938,1
2470821504,2797371979,1
359236505,2710541450,1
198773386,44496152,2
459768241,20644420,1
359236505,269746147,1
17646796,35466620,1
1690890258,298498586,2
25227822,238128770,1
450414092,23747654,2
359236505,61422376,2
2887048652,286070167,1
24825958,23053753,1
20569411,104086318,1
170276973,340376505,1
446232661,35466620,1
37884446,414621260,1
262389370,24144135,1
2105021,2797371979,1
254941287,3017002076,2
130123715,38106977,1
2437652922,130417544,1
1116121759,590023803,1
26373938,2710541450,1
33824118,105459936,2
193700451,31069840,2
10235202,23395026,1
14389384,2992750166,1
64980891,42542097,1
1580228064,27176695,2
138678027,272701790,1
64980891,14711982,2
2360323201,599185040,1
322484832,226904642,2
342065781,436502521,2
17227586,99233470,1
177086028,413779729,1
2459169938,340376505,1
529090657,376551482,2
110114783,20644420,1
9444022,2105021,1
2831363550,44496152,2
38397609,590023803,1
17227586,23699500,2
260677385,2949949244,1
135132634,176294000,2
1405309777,22871737,2
1240932972,450414092,2
66063257,99233470,1
2360323201,2992750166,1
59699957,20644420,1
66063257,22906120,2
599745022,1695442555,2
2360323201,435515048,1
2691817417,2710541450,1
291612312,73850532,2
714051386,436502521,1
57202693,37292428,2
25807167,17569860,1
38650214,772477398,1
36327171,18096229,1
34760378,99233470,2
2360323201,346492602,1
410748351,278830401,1
22359616,22006180,1
384731898,1523942082,1
374382454,20644420,1
2360323201,614204775,1
376551482,599745022,1
176294000,35466620,1
187138183,23411203,2
413779729,590023803,1
217761175,1677569143,1
79459832,22607317,1
33824118,2273823290,1
514182160,1512607639,1
24825958,16356699,2
116545134,2710541450,1
62208019,187138183,1
29406736,99233470,2
23411203,614204775,1
2437652922,1133477605,1
135132634,23747654,2
1017123967,714051386,1
2360323201,29406736,1
1523942082,267601954,2
2273632160,346491432,2
413779729,160132829,1
410748351,61422376,1
247696871,157996080,1
309579914,779043331,1
152604471,143770402,2
99233470,35084627,2
1000459982,20644420,1
80816781,73850532,1
569870574,1953063710,3
359236505,39935935,2
2941433214,264598651,1
17569860,23411203,1
19580931,1965776832,2
19660722,2949949244,1
359236505,138294089,3
2797758762,44335896,2
29927621,2279758842,2
17569860,55566167,1
1580228064,2710541450,1
3236121,772477398,2
2360323201,2159555124,1
9444022,397153813,1
37292428,538482349,1
2907788046,20644420,1
93115496,2891662632,1
1512607639,19524046,2
48951240,497437094,2
22314584,750772255,1
450414092,1557009919,2
358681085,16329558,2
31069840,450414092,2
26198761,21184634,2
338821106,340376505,1
29927621,1245735506,2
365105604,23053753,1
359236505,1116121759,3
33894316,22310197,1
99233470,898707906,2
1580228064,187138183,2
18096229,19178668,1
1695442555,2483605494,1
14223097,347048522,1
337002546,463523296,1
25805982,71952630,1
22359616,86277690,2
2459169938,269746147,1
22029787,8018342,3
21738556,178183112,2
2360323201,138294089,2
138294089,526411749,2
46076472,2961908465,1
25227822,25805982,2
450414092,340376505,1
2360323201,353533765,1
254941287,1557009919,2
337995180,2710541450,1
264175249,358681085,1
99233470,599745022,1
15374531,20644420,1
2360323201,193109850,1
558279290,375617596,1
9444022,599745022,1
247696871,46818975,1
36608957,19178668,1
826701510,494505475,1
2437652922,2365152944,1
750772255,1240932972,1
24113341,167221856,1
38650214,38106977,1
14711982,23395026,2
446631012,99233470,2
64980891,359236505,2
108241254,2831363550,2
546641586,18794041,2
471721045,1199102480,1
25227822,17335247,2
2360323201,22623059,1
17569860,472892458,1
93115496,272701790,1
19898890,38106977,1
23747654,556661091,1
3236121,83315955,2
160528143,413522813,1
19898890,162900239,1
26452697,431469458,2
151232782,19178668,1
2941433214,2408638574,1
292838364,19178668,1
2710541450,309525229,1
64980891,77182888,2
358681085,22607317,3
64980891,48472438,1
121728542,353533765,1
24669894,590023803,1
1600557554,38106977,1
54805470,99233470,2
38398282,337995180,1
727039754,160132829,1
2437652922,135132634,1
1632123685,486241691,2
2315231857,2570427830,1
41298522,2710541450,1
826701510,1103294161,1
41973345,130417544,1
36951856,152604471,2
752800226,1899850260,1
2941433214,340376505,1
39935935,300641932,1
359236505,599745022,1
2385999008,2710900951,2
116358110,19178668,1
193700451,24825958,2
19898890,561596765,1
19524046,38106977,1
26119836,16329558,2
709105290,1923691058,1
37413076,300870992,2
238768817,1523942082,2
52374272,21552376,2
2344450981,23747654,2
2797758762,714051386,1
331379045,2710541450,1
116545134,590023803,2
193700451,25807167,2
773658752,23935607,2
127025784,22006180,1
144840737,267133998,1
169326150,14711982,1
480300122,322484832,1
309579914,1093638847,1
264598651,297148960,2
217418435,272701790,1
156928816,413522813,3
37532853,340376505,1
26957668,124948370,1
1955720384,1570350235,2
19898890,2797758762,1
99233470,1557009919,2
46076472,1557009919,2
23699500,20644420,1
1955720384,193700451,2
359236505,16947907,2
272701790,2211429150,2
21738556,3236121,1
1593438482,2273823290,1
413779729,20051851,2
19707925,152604471,2
384731898,177437874,1
26112460,556661091,1
178183112,599745022,2
17646796,25807167,2
157948722,298498586,1
15641984,77182888,2
359236505,170276973,2
22859657,51271144,1
2961908465,2587278392,1
590023803,2459169938,2
238103606,20644420,1
21738556,37200824,2
79459832,2797758762,2
55566167,29424561,1
72971775,63070517,2
137611265,412180717,2
252930973,300870992,1
412180717,704903653,2
31076291,35172803,1
18933150,340376505,1
23935607,39935935,1
162266849,138294089,4
162266849,170276973,1
2797758762,320171714,1
275445020,496854680,2
187138183,269746147,2
99233470,340376505,1
2584746324,99233470,1
425480166,92238532,3
750772255,1557009919,1
26979626,35466620,1
20051851,556661091,1
38290921,2402894750,1
15929162,26731498,2
135132634,2360323201,2
358681085,1537918573,2
9444022,340376505,1
43675137,189467550,2
252930973,320171714,1
252930973,1874504276,1
410748351,1240932972,1
2437652922,8532872,1
278830401,2273823290,1
22223971,723931914,2
151412447,2467067887,1
21552376,22906120,2
505651301,340376505,1
14711982,14861476,1
31069840,138559532,1
2360323201,26452697,1
2949949244,23053753,1
1422546212,20644420,1
217761175,270294818,1
826701510,346492602,1
2360323201,446232661,1
1415578772,2273823290,1
135132634,36327171,2
19524046,2710541450,1
406072074,35466620,1
177086028,401875684,1
20569411,19178668,1
19898890,2872417253,2
709105290,281868409,2
2360323201,714051386,2
247696871,2360323201,2
2200418306,25794806,1
298498586,404060390,2
26373938,2210127277,1
1715460890,20644420,1
2105021,29927621,2
1523942082,105459936,2
138559532,272701790,1
130123715,24988494,2
714051386,1059207842,2
167283308,19743434,2
270774535,406835617,1
359236505,1580228064,1
20658917,983376769,2
36327171,2710541450,1
359236505,450414092,2
39935935,26373938,2
26373938,29424561,1
949291260,160132829,1
826701510,73850532,1
217418435,358681085,1
138678027,217418435,1
20569411,35466620,1
27225245,157996080,2
359236505,482583016,3
25227822,138559532,1
153410226,157996080,2
2437652922,9444712,1
135132634,14567099,2
27502152,413779729,2
359236505,2322065402,2
2459169938,236729223,2
376679416,42542097,2
34172656,99233470,2
23411203,19580931,2
237245712,1199102480,1
130123715,180755998,1
826701510,178668778,1
35084627,22607317,1
1059207842,450414092,2
17227586,19524046,1
26989237,340376505,1
181892978,2959270807,2
26119836,2710541450,1
75142659,25271470,1
1409775242,138559532,1
33026792,599745022,1
406075350,84822058,1
217418435,160132829,1
1557009919,44335896,2
267601954,340376505,1
27225245,2273823290,1
15037961,26119836,1
130123715,25227822,2
587291195,482562312,3
127025784,401875684,1
60572195,294340629,1
2949949244,2831363550,2
66063257,113526488,2
19440175,51271144,1
14711982,220616405,2
1512607639,450414092,2
160528143,24113341,2
2105021,1093638847,1
590023803,2402894750,3
1017123967,877115862,3
46076472,413779729,1
26373938,885751759,2
337995180,599745022,1
20658917,358681085,2
327926324,450414092,2
410748351,2281953018,1
2360323201,15641984,1
480300122,192826726,1
410748351,14473703,1
826701510,327926324,1
36951856,73850532,2
14389384,275622946,1
138678027,25227822,1
54522269,590023803,2
24988494,436502521,1
714051386,375617596,1
476350851,14707553,2
322484832,23395026,2
162327572,51271144,1
16896391,1557009919,2
178668778,591728335,2
2322065402,768978024,2
410748351,1557009919,1
139676335,2273823290,1
2360323201,376551482,2
43675137,80816781,2
44496152,23747654,2
19898890,37292428,1
750772255,20644420,1
359236505,16896391,2
27225245,48951240,2
2322065402,2710541450,1
43830965,1580228064,1
599745022,177134723,2
417901178,2975658060,1
359236505,515078963,2
630236717,37104990,2
346491432,2710541450,1
300641932,25869897,1
2322065402,61422376,2
19898890,436502521,2
26459797,24988494,2
1537918573,1557009919,2
244081566,166947848,1
9444022,187138183,1
412967063,48951240,2
590023803,25227822,2
138294089,156928816,1
2360323201,18794041,1
135132634,29178646,2
22840845,54517562,1
413779729,346491432,1
410748351,2322065402,1
135132634,14711982,2
132445467,358681085,1
714051386,719655337,1
198773386,340376505,1
382758717,2710541450,1
21848593,340376505,1
177134723,337995180,1
2459169938,1557009919,2
2360323201,877115862,1
2437652922,15641984,1
53348173,19178668,1
519115078,29406736,1
714051386,340376505,1
436502521,340376505,1
25816086,99233470,2
526411749,450414092,2
3043106869,31069840,2
347048522,14711982,2
2360323201,2459169938,1
1240932972,983376769,2
26459797,590023803,1
135132634,193700451,2
144840737,471589631,1
22840845,709105290,1
47940669,99233470,1
53128314,157996080,1
99233470,91774758,2
26248642,29613877,1
2831363550,1557009919,2
14389384,73850532,2
14473703,21636104,3
298498586,21855539,2
189467550,558279290,1
170276973,769335475,2
39237911,22906120,2
2473092354,2710541450,1
247696871,22116112,2
16947907,169326150,2
17263897,170276973,1
2459169938,450414092,2
480300122,2403260629,2
44496152,99233470,2
359236505,752078492,2
2402894750,157996080,2
24825958,994969160,1
714051386,27225245,2
322484832,189467550,2
193700451,750772255,2
412180717,275622946,1
2459169938,2322065402,2
410748351,23411203,1
162266849,529090657,1
27632737,22906120,2
189467550,37600849,2
17569860,135132634,1
2831363550,340376505,1
27176695,3006153780,1
177086028,1695442555,1
480300122,905966455,1
22871737,331379045,1
410748351,515078963,1
289846547,590023803,1
413779729,21552376,1
359236505,54062781,2
320171714,99233470,2
376679416,77182888,2
359236505,25794695,1
104086318,2710541450,1
347048522,383446627,2
826701510,153753775,1
2437652922,3014112282,1
1580228064,23411203,2
502866773,35172803,1
181892978,1116121759,2
18133726,1965776832,1
298498586,272704749,2
2470821504,77182888,1
378639234,20644420,1
27225245,414621260,2
138294089,19580931,2
1920668550,130417544,1
907734912,375617596,2
501521155,2710541450,1
37659338,458805681,1
2105021,25816086,2
181965556,2344450981,1
2294201833,294340629,2
2459169938,3015585874,3
181892978,22871737,2
262389370,2587278392,1
291612312,340376505,1
388607452,522628807,2
17263897,14567099,2
1537918573,23935607,2
2360323201,22874109,2
46076472,79459832,2
54522269,29424561,1
2459169938,23411203,2
23935607,22607317,1
14711982,44025107,2
252930973,35466620,1
145331030,99233470,1
187138183,20644420,1
2710541450,24988926,1
187482736,270294818,1
104086318,555709757,1
64980891,599745022,1
19898890,44025107,1
55566167,2710541450,2
2105021,1557009919,2
590023803,714051386,2
1913262020,3043106869,1
1937077465,1523549617,1
25807167,177437874,1
24988494,2992750166,1
2105021,169833243,1
112959280,254941287,1
14223097,162900239,1
558279290,48472438,2
2437652922,26459797,1
82241907,152992187,1
79459832,2691817417,2
2360323201,1398605364,1
25807167,309579914,1
599745022,2992750166,1
47862321,496854680,1
154493855,20644420,1
458805681,752078492,2
370329077,275622946,1
14711982,9444022,1
178183112,16356699,2
64980891,1116121759,2
2154218233,2154193748,2
2473092354,1920668550,1
55566167,144840737,1
1899850260,23935607,1
178183112,397153813,2
14711982,340376505,2
193700451,2459169938,2
1405309777,39935935,2
66063257,300870992,1
727039754,436502521,1
238768817,217761175,2
19524046,351399926,1
34472348,590023803,1
187138183,44496152,2
17646796,51271144,1
162266849,2710541450,1
55566167,236729223,1
714051386,60572195,1
342065781,25795054,2
62208019,138294089,1
14389384,2710541450,1
1955720384,347048522,2
2686563469,55566167,1
26373938,590023803,1
174573325,36951856,1
22874109,169326150,2
2360323201,412180717,1
162266849,20658917,1
116358110,17021576,1
412180717,340376505,1
1017123967,599745022,1
1695442555,170276973,1
23699500,599745022,1
338821106,35466620,1
366531168,270294818,2
2322065402,599745022,1
62208019,590023803,1
22874109,130417544,1
2437652922,500478646,1
16896391,2831363550,1
714051386,1245735506,2
412180717,38106977,1
480300122,1849850612,1
410748351,193700451,1
21848593,14711982,2
525075235,376551482,2
27608469,300641932,1
2360323201,189467550,1
41298522,239964366,1
72549881,20644420,1
2473092354,2470821504,1
2360323201,2313317216,1
18096229,99233470,2
77182888,23747654,2
23910994,51271144,1
103845812,1248431851,2
54522269,1693969812,1
23411203,44335896,2
232741193,167221856,1
25975572,226904642,1
239964366,22006180,1
17263897,2831363550,1
86277690,2995021182,2
593577212,99233470,1
1600557554,704903653,2
14473703,450414092,2
2891662632,233294351,3
17569860,2344450981,1
2941433214,885751759,1
53645593,599745022,1
1695442555,42542097,1
2437652922,138294089,1
436502521,397153813,2
36951856,157996080,2
72971775,2710541450,1
20644420,229376260,1
77182888,300870992,1
64980891,340376505,1
538056844,99233470,1
124948370,704903653,1
14223097,169326150,1
2459169938,14711982,2
2437652922,949291260,1
99233470,337995180,2
2202355524,376551482,2
99233470,2975432070,2
769193119,711802766,2
599745022,66063257,2
64980891,2322065402,2
1131146245,240049848,2
590023803,26452697,3
26119836,340376505,1
247696871,33894316,1
130417544,1132200937,1
98605029,46818975,1
79459832,51271144,1
450414092,20644420,1
160132829,1364376428,2
19580931,22607317,2
2437652922,797077016,1
359236505,19707925,2
71416635,599745022,1
177134723,27502152,2
144840737,2385999008,2
2269865773,20644420,1
365105604,160132829,1
821176802,99233470,1
3236121,556661091,1
19743434,146668548,2
14711982,61422376,2
38650214,486241691,2
177134723,2797758762,1
61348039,22607317,2
2322065402,1557009919,2
170276973,350209691,1
1059207842,2584746324,1
14707553,558279290,2
388702412,27176695,1
406835617,66063257,1
138294089,436502521,1
573614242,599745022,2
526411749,99233470,2
34094550,19178668,1
480300122,397153813,2
2360323201,3006153780,1
2437652922,600140001,1
2437652922,34172656,1
714051386,258750822,1
347048522,47862321,1
99233470,147040855,2
769335475,494505475,1
359236505,14473703,1
2402894750,1937077465,2
99233470,769335475,2
714051386,23747654,2
1580228064,169326150,2
291612312,14711982,2
406835617,99233470,1
14567099,36951856,1
247696871,135132634,2
23699500,340376505,1
61348039,2961908465,2
247696871,2797758762,1
990206568,320171714,1
599745022,1557009919,2
402509656,359236505,1
178183112,99233470,2
2322065402,340376505,1
226904642,2710541450,1
514182160,33026792,1
260677385,270294818,1
219552179,309579914,1
14711982,25807167,2
23411203,267601954,2
130123715,1398605364,1
2941433214,1690890258,1
61422376,1557009919,1
337002546,99233470,1
1017123967,2322065402,2
247696871,704903653,1
46076472,2360323201,1
347048522,3017288564,1
26989237,471589631,1
35084627,160132829,2
383603196,719655337,1
260581939,522628807,2
39935935,220616405,2
2360323201,38120739,1
14770241,19178668,1
37600849,14711982,2
138294089,450414092,2
23935607,61348039,1
14567099,21184634,2
21177426,99233470,2
130417544,544234417,1
26373938,24825958,2
2294201833,152604471,2
2313204931,55566167,2
54522269,14711982,2
9444022,35466620,1
64855519,51271144,1
359236505,26119836,2
61348039,20658917,1
19524046,394344436,2
2269865773,1874504276,1
178183112,337995180,2
2426118242,299682788,1
138294089,376551482,3
130417544,100658892,1
351399926,26459797,1
1116121759,1557009919,2
160132829,294340629,2
29178646,14567099,2
429438198,450414092,2
19580931,20644420,1
29424561,436502521,1
2402894750,23053753,1
2969344940,340376505,1
162266849,1240932972,2
347048522,20644420,1
2710541450,272701790,1
14711982,31103336,2
42357934,20644420,1
264598651,1116121759,2
24825958,2710541450,1
29927621,446232661,1
18933150,20644420,1
21552376,25805982,2
14711982,16356699,2
22223971,502866773,2
180755998,23747654,2
162266849,25805982,1
714051386,99233470,2
704903653,2710541450,1
272701790,422348926,2
25227822,23935607,2
33894316,24988494,2
410748351,42542097,1
34472348,19178668,1
22859657,14711982,2
1116121759,340376505,1
35084627,49477936,2
39935935,35084627,2
127025784,105459936,2
2105021,590023803,2
1116121759,885751759,2
907734912,340376505,1
19707925,614204775,1
31069840,2710541450,1
141146064,404060390,2
240049848,1099683991,1
138559532,2587278392,1
36951856,2408638574,1
779043331,82184658,1
53128314,14711982,2
431658017,2587278392,1
2437652922,281868409,1
340201168,20644420,1
2344450981,19178668,1
60572195,590023803,1
14707553,73850532,2
2273632160,2459169938,2
1512607639,275622946,1
151232782,2359256119,1
2459169938,19707925,2
14223097,275622946,1
826701510,2360323201,1
178183112,14707553,2
16947907,21552376,2
714051386,471589631,1
714051386,22874109,2
2385999008,14711982,2
25805982,2992750166,1
23935607,170276973,1
599185040,340376505,1
359236505,614204775,2
135132634,26976949,2
1312276951,216316484,1
35084627,16329558,2
55566167,16329558,2
201303134,20644420,1
2437652922,26382252,1
359236505,2831363550,2
26957668,19178668,1
38397609,16947907,1
42542097,340376505,1
233294351,99233470,1
1405309777,130123715,3
22116112,397153813,2
714051386,181892978,2
25227822,19440175,2
907734912,22607317,2
27225245,26989237,2
189467550,260677385,2
252930973,24113341,1
359236505,291612312,2
175261461,590023803,1
193700451,26373938,2
64980891,193700451,2
26373938,55566167,1
189467550,37179327,1
2814697776,2710541450,1
37413076,450414092,2
359236505,77182888,2
714051386,414621260,1
614204775,1512607639,2
768978024,20644420,1
57202693,37104990,2
359236505,73850532,2
14451059,34172656,2
2360323201,287591876,1
2459169938,2975432070,1
750772255,340376505,1
2601524623,358681085,2
38290921,590023803,2
19898890,23935607,2
162266849,1557009919,2
2360323201,2831363550,1
101325044,376679416,1
590023803,187138183,2
181892978,376679416,2
153753775,207602032,1
359236505,153410226,2
14711982,599745022,1
1132427582,1523549617,1
19898890,376679416,1
22310197,599745022,1
38397609,773658752,1
25000400,139614871,1
189467550,21855539,2
116093402,19178668,1
1017123967,2408638574,1
2105021,66063257,2
3236121,1398605364,2
1955720384,2587278392,3
28976669,1017123967,1
22871737,31069840,2
351399926,22871737,1
14223097,1269648894,1
1184986788,2273823290,1
162266849,450414092,2
36951856,413779729,2
193700451,23935607,2
262389370,138294089,1
346491432,373317699,3
2459169938,1059207842,3
3014154552,2710541450,1
43830965,515078963,1
193700451,450414092,2
15641984,193700451,2
14770241,2587278392,1
21855539,2718362810,1
22874109,162900239,1
23699500,397153813,2
340376505,14389384,3
98605029,170276973,1
973811635,99233470,1
116545134,20644420,1
2385999008,2570427830,1
289846547,2710541450,1
983376769,16329558,2
360360817,537027271,1
23901130,20644420,1
99233470,269746147,2
108169840,1899850260,2
22116112,772477398,1
38120739,913493396,3
46076472,160132829,1
153410226,414621260,1
772477398,599745022,1
238352817,14711982,1
2344450981,346491432,1
14223097,340376505,1
359236505,1512607639,2
365105604,20644420,1
15902589,35466620,1
2590355652,99233470,1
82785951,476350851,3
14707553,907734912,1
275622946,35084627,2
26373938,26976949,2
569870574,2333031210,1
31069840,35084627,2
77182888,27608469,1
240049848,22359616,1
37413076,2831363550,2
480300122,48951240,2
26373938,338821106,1
2105021,2923535251,2
2360323201,130417544,1
714051386,1695442555,2
2703225518,1226454150,2
112959280,2360323201,1
35084627,2710541450,1
714051386,264175249,2
39935935,340376505,1
16356699,73850532,2
1580228064,169833243,3
22840845,26373938,2
14711982,351399926,1
384731898,2718362810,1
1059207842,2587278392,1
14711982,1557009919,2
178183112,14711982,2
2360323201,2402894750,1
131179888,340376505,1
2360323201,2805183704,1
261162002,907734912,2
300641932,2273823290,1
502801101,623494796,2
410748351,340376505,1
1693969812,1199102480,1
2415915638,20644420,1
36951856,298498586,1
26373938,2385999008,1
630236717,2408638574,2
25000400,146668548,1
144840737,9609622,1
64980891,412180717,1
2385999008,2315231857,2
890392501,20644420,1
79459832,1557009919,2
84822058,20644420,1
433234855,20644420,1
237245712,20644420,1
2459169938,77182888,2
2923535251,340376505,1
1245735506,1557009919,2
26731498,3236121,1
21552376,23935607,2
33134609,130417544,1
1557009919,269746147,2
2360323201,24669894,1
2360323201,347048522,3
52374272,36951856,1
129635846,3063697555,1
21177426,20644420,1
2797758762,1557009919,2
2105021,216599063,2
397153813,556661091,1
2601524623,267601954,2
82785951,34161812,2
1059207842,2710541450,1
467193917,502866773,2
29927621,3017002076,1
1059207842,269746147,1
2710541450,61348039,1
2105021,32345052,2
23935607,16329558,2
719655337,20644420,1
79459832,340376505,1
238103606,141680286,1
61348039,983376769,2
71416635,590023803,1
181892978,220616405,2
2273632160,1690890258,2
29927621,26382252,2
2437652922,532938116,1
700745372,2710541450,1
2437652922,2570427830,1
1865778720,20644420,1
2941433214,181892978,1
1580228064,181892978,2
907734912,254941287,2
298498586,543218867,2
22840845,15641984,1
600703193,3017288564,1
714051386,337995180,1
62208019,2710541450,1
2437652922,709105290,1
2379558337,2297582839,1
719655337,2408638574,2
27225245,2459169938,3
37104990,2949949244,1
156928816,2273823290,1
526411749,27225245,2
16329558,20658917,1
590023803,599745022,1
2360323201,57202693,1
546641586,2831363550,1
9444022,238768817,1
22871737,1537918573,2
480300122,44496152,2
14707553,42774171,1
19524046,19178668,1
36951856,2322065402,1
413779729,26459797,1
53128314,19178668,1
1955720384,2360323201,2
826701510,2570427830,1
27225245,43830965,2
24825958,29424561,1
35644750,170276973,1
15641984,99233470,1
590023803,36951856,3
990206568,153410226,1
19178668,20658917,1
714051386,3017002076,2
17646796,3006153780,1
1078684573,2710541450,1
331379045,73850532,2
22116112,704903653,2
39935935,23053753,1
261162002,501521155,1
446631012,1587277770,1
1695442555,3017002076,2
77050158,340376505,1
2959270807,20644420,1
2437652922,907734912,1
291612312,39935935,2
17263897,719655337,1
1042096441,20644420,1
2437652922,1067692500,1
135132634,25805982,2
193700451,86277690,2
25271470,590023803,1
51271144,529090657,1
23935607,22135526,2
555709757,340376505,1
436502521,275622946,1
64855519,450414092,2
630236717,275622946,1
129635846,340376505,1
25807167,236763329,1
34153781,2467067887,1
17569860,413779729,1
885751759,51010405,2
347048522,192826726,2
247696871,36327171,2
424617920,2961908465,1
297877558,22116112,1
169833243,340376505,1
108241254,3017288564,2
138294089,24113341,1
780231324,340376505,1
1600557554,20644420,1
2313204931,556661091,1
26700569,2459169938,1
501521155,23747654,1
22874109,2992750166,1
229376260,57202693,1
17646796,14711982,2
55566167,35172803,1
1937077465,35466620,1
99233470,25805982,2
49477936,51271144,1
19898890,376551482,1
160132829,20644420,1
175261461,20644420,1
2402894750,169326150,2
263440464,221253313,1
2360323201,581668532,2
135132634,138373439,2
21855539,23053753,1
2200418306,704903653,1
55566167,1199102480,1
25000400,138559532,2
162266849,590023803,1
714051386,86277690,1
181892978,599745022,1
9444022,275622946,1
252930973,826701510,1
2385999008,9609622,1
198773386,2587278392,1
436502521,226904642,2
714051386,2587278392,1
93115496,1523942082,1
450414092,37532853,2
26142201,35466620,1
32345052,590023803,1
193700451,160132829,1
413779729,108169840,2
24825958,25805982,2
590023803,340376505,1
35084627,599745022,1
1116110186,340376505,1
279914449,471589631,1
138678027,22607317,1
1017123967,14707553,1
162327572,19178668,1
16947907,340376505,1
20644420,25227822,1
178183112,20051851,2
135132634,18889369,2
19898890,343280656,1
22840845,28230374,1
359236505,25805982,2
2313204931,9609622,1
2105021,436502521,2
359236505,2961908465,2
359236505,898707906,2
82241907,25257175,2
113568127,178668778,1
29406736,144051948,2
2459169938,264175249,2
1398605364,2710541450,1
37884446,29424561,1
77182888,1512607639,1
1946156508,2878701780,1
359236505,1059207842,2
501521155,298498586,1
2887048652,99233470,1
292419947,35466620,1
42839794,45036000,2
23395026,376679416,1
99233470,20644420,1
272701790,61348039,2
22135526,2710541450,1
2402894750,19440175,2
826701510,502866773,1
79459832,14711982,2
236242644,35084627,2
590939369,187138183,1
431469458,340376505,1
138559532,162327572,1
138294089,35466620,1
157996080,599745022,1
29927621,714051386,1
108241254,170276973,1
22859657,75142659,2
1279641403,351399926,1
229376260,1874504276,1
2313204931,21848593,2
52374272,546641586,1
826701510,216599063,1
1240932972,1245735506,2
269746147,2710541450,1
1708735813,342065781,1
2437652922,290281469,1
2360323201,599745022,1
397153813,275622946,1
1512607639,1523549617,1
14711982,590023803,1
46076472,2408638574,1
2992750166,272704749,1
19580931,561596765,2
27608469,342065781,1
2105021,578803218,2
303055206,99233470,1
2949949244,1398605364,1
60572195,2710541450,1
247696871,2959270807,1
824719051,20644420,1
167221856,538482349,1
397153813,599745022,1
74418780,20644420,1
138294089,2831363550,2
110114783,2587278392,1
2402894750,337995180,1
39935935,25805982,1
2797758762,22006180,1
35603413,376551482,1
25227822,2459169938,1
2995021182,170276973,1
590023803,46076472,2
2385999008,1279581114,1
138373439,192826726,2
37884446,157996080,1
22906120,1874504276,1
189467550,590023803,1
410748351,23747654,1
79459832,383446627,2
7177992,25805982,1
2281363548,1683053797,1
254941287,450414092,2
365105604,22607317,1
22874109,1269648894,1
79459832,26966864,2
2341307978,23747654,2
529090657,1523549617,1
36327171,21552376,2
590023803,23699500,2
19898890,130417544,1
23395026,340376505,1
35084627,340376505,1
170276973,22607317,1
3236121,22863660,2
135132634,138559532,1
2105021,226904642,2
3236121,550923814,2
2360323201,404444443,1
55566167,340376505,1
170276973,23747654,2
410748351,1059207842,1
3049478762,1580228064,1
359236505,1557009919,2
750772255,885751759,2
17569860,1042096441,1
351399926,66063257,1
555703941,727039754,2
60572195,20644420,1
719655337,340376505,1
252930973,27632737,1
37292428,25000400,1
384731898,272701790,1
37884446,54517562,1
153753775,20644420,1
181892978,2402894750,1
25807167,35172803,1
14711982,49477936,2
15641984,26976949,2
22116112,275622946,1
86277690,1245880722,1
480300122,272701790,1
177134723,3017002076,1
23935607,29406736,1
826701510,8532872,1
22906120,51271144,1
18933150,436502521,1
31069840,19580931,2
501521155,35466620,1
138294089,294340629,1
219552179,270897974,1
264598651,39935935,2
431658017,16947907,1
26373938,359338828,1
388607452,51271144,1
359236505,44496152,1
138294089,346491432,1
66562646,22359616,2
413779729,61348039,1
137611265,1523549617,1
1116110186,994969160,2
247696871,79459832,2
1512607639,1557009919,2
167221856,37292428,2
450414092,42542097,2
135132634,23935607,2
22871737,1557009919,2
62391759,35466620,1
138559532,2273823290,1
2886833989,2953604840,2
25227822,23395026,2
19580931,103845812,1
46076472,3017002076,1
42774171,124948370,1
1415578772,105459936,2
2211429150,258750822,1
376679416,1557009919,2
1132200937,1537918573,2
29406736,2831363550,2
337995180,275622946,1
34472348,885751759,2
460606082,99233470,1
187138183,1133477605,2
162327572,14711982,1
2360323201,3023528413,1
258750822,2464579093,1
1059207842,327926324,1
26373938,340376505,1
359236505,27225245,2
219552179,20644420,1
144051948,298498586,1
410748351,429438198,1
590023803,19580931,2
2710541450,26976949,1
22871737,450414092,2
465311165,110114783,1
397153813,340376505,1
33894316,2105021,1
2710541450,2273823290,2
480300122,515078963,2
46076472,2483605494,1
25227822,217418435,2
130417544,33824118,1
19898890,1371249781,1
994969160,169833243,1
359236505,3015585874,3
189467550,167283308,1
1328903425,18933150,2
55566167,239964366,1
22314584,350209691,1
23699500,275622946,1
17646796,19178668,1
29425573,14707553,1
298498586,229376260,2
153410226,814476685,2
146668548,80816781,2
177134723,236880390,1
189467550,80816781,2
501521155,41298522,1
2437652922,1328903425,1
1677569143,270294818,1
27225245,450414092,2
71416635,14711982,1
1398605364,599745022,1
43830965,340376505,1
14223097,2360323201,1
25794806,34172656,1
1523942082,2710541450,1
1552538606,300250907,2
1059207842,177437874,2
406072074,25795054,1
2473092354,2385999008,1
2437652922,719655337,1
57202693,538482349,1
2273632160,2710541450,1
3056089651,23699500,1
130417544,229376260,1
773330227,1405309777,1
38486565,86277690,1
480300122,41298522,2
38650214,19524046,2
1512607639,23411203,2
15037961,20644420,1
573614242,14711982,2
46076472,44335896,2
131179888,19178668,1
138294089,2992750166,3
247696871,22871737,1
555703941,25227822,1
162266849,20644420,1
2437652922,353533765,1
25227822,189467550,2
22863660,26731498,2
590023803,79459832,2
2591139138,20644420,1
175976959,332733532,3
42357934,1587277770,1
240010214,2710541450,1
376679416,23411203,2
24791335,26373938,2
61348039,37292428,2
401875684,41298522,2
376679416,1937077465,1
130417544,22006180,1
17646796,55566167,1
2360323201,14770241,1
33134609,17227586,1
37413076,327926324,2
410748351,27225245,1
522628807,20644420,1
26989237,74935998,2
32345052,20644420,1
3018304886,3019474338,2
14711982,19178668,1
26373938,450414092,2
29406736,2587278392,2
309579914,2992750166,1
14223097,26382252,1
61422376,23053753,1
247696871,3043106869,1
714051386,37532853,2
131179888,35466620,1
121728542,35466620,1
170276973,2797758762,2
29406736,1386366252,2
446631012,23901130,2
347048522,397153813,2
467589404,382508008,1
14707553,14711982,2
365105604,590023803,1
17646796,20644420,1
622582233,66063257,1
193586319,245158192,2
482583016,714051386,2
727039754,23935607,1
160132829,22607317,1
21177426,2408638574,1
37884446,590023803,1
2360323201,22310197,2
1312276951,181892978,1
79459832,19178668,1
2941433214,714051386,1
351399926,35084627,1
24669894,20644420,1
37413076,27225245,2
1059207842,153410226,3
138559532,515078963,1
14711982,35466620,1
217761175,35466620,1
27225245,515078963,2
599185040,590023803,1
19743434,2273823290,1
21177426,340376505,1
26452697,99233470,1
23935607,272701790,1
160528143,103845812,1
144840737,22310197,1
514182160,436502521,1
2360323201,537027271,1
383446627,397153813,2
14711982,55566167,1
22859657,105727782,3
600703193,20644420,1
264598651,261479421,2
37104990,169833243,2
264025613,2273823290,1
2992750166,1580228064,1
943210460,599745022,1
2584746324,20644420,1
14711982,20644420,1
2718362810,23935607,2
162266849,14711982,1
29694441,35466620,1
1580228064,450414092,2
42774171,19178668,1
359236505,397153813,2
2437652922,2315231857,1
121728542,41298522,2
254941287,99233470,2
33894316,2831363550,1
19913546,32345052,2
43675137,20644420,1
2360323201,29613877,1
99233470,23747654,2
31076291,23053753,1
39935935,267601954,2
266010557,272701790,1
38106977,529090657,2
17569860,20644420,1
108241254,2710541450,1
14711982,73850532,2
100658892,146668548,2
26326439,29424561,1
152604471,23699500,2
17569860,37659338,1
86277690,99233470,2
73850532,25805982,2
178183112,3043106869,1
138678027,358681085,1
19898890,21848593,1
773658752,727039754,2
98605029,529090657,1
93115496,382758717,1
33026792,39479903,1
17646796,22116112,1
359236505,254941287,2
365105604,37884446,2
99233470,23910994,2
410748351,267133998,1
2473092354,2315231857,1
359236505,350209691,2
33894316,750772255,2
138559532,166873656,1
39935935,14711982,2
1873218510,19524046,2
31069840,19178668,1
25271470,23053753,1
130123715,14707553,1
1955720384,192826726,2
2831363550,450414092,2
709105290,590023803,1
55566167,98605029,1
144840737,41973345,1
1059207842,590023803,1
1955720384,2459169938,2
714051386,226904642,1
410748351,19913546,1
859315052,599745022,1
17335247,22607317,1
1415578772,260677385,2
44335896,73850532,2
77182888,157996080,2
436502521,1116110186,2
189467550,9444022,1
2279758842,105459936,2
2322065402,2961908465,2
590023803,18096229,2
2360323201,590023803,1
3015585874,340376505,1
162266849,2483605494,1
569870574,245158192,1
55566167,709105290,1
727039754,1902051997,1
138559532,217418435,1
8532872,20644420,1
1248431851,29406736,1
38388324,287061857,1
526411749,714051386,2
39935935,31069840,2
351399926,31069840,1
450414092,704903653,2
614046982,187138183,1
490937555,1226454150,2
413522813,138294089,1
359236505,1690890258,3
514182160,359236505,1
27225245,1512607639,2
15374531,347048522,2
217418435,538482349,1
272701790,814476685,2
44025107,35466620,1
26382252,2408638574,1
2473092354,2365152944,1
181892978,26373938,2
413779729,25975572,2
178957471,16947907,1
99233470,529090657,2
39935935,590023803,1
25000400,217418435,1
482583016,2831363550,1
26142201,20644420,1
347048522,2294201833,1
37413076,24791335,2
436502521,232728981,1
2459169938,3014112282,1
2360323201,133238401,1
267133998,376679416,1
187138183,436502521,2
297148960,346491432,1
1405309777,558279290,2
178183112,36327171,2
36951856,38106977,1
39935935,350209691,1
410748351,590023803,1
12201452,2360323201,1
347048522,22874109,2
21738556,954504506,2
27225245,1116121759,2
1693969812,20644420,1
2105021,779043331,1
22349780,254941287,1
14223097,130417544,1
181892978,337995180,2
138559532,99233470,1
86277690,170276973,1
43656765,187138183,1
64980891,36951856,2
2459169938,2831363550,2
44025107,20644420,1
727039754,86277690,1
3017002076,2710541450,1
24188289,24452267,3
98896743,20644420,1
138559532,2891662632,1
24144135,169326150,2
34161812,556661091,1
22871737,49477936,2
9444022,232728981,1
25227822,343280656,2
54517562,340376505,1
2385999008,2360323201,2
93115496,23935607,1
54805470,1116110186,2
412967063,189467550,2
359236505,34161812,1
359236505,529090657,2
24637782,19178668,1
2360323201,2938968216,1
264598651,20644420,1
499547162,20644420,1
482583016,327926324,2
1059207842,22310197,1
444593393,99233470,1
590023803,2831363550,2
216599063,20644420,1
2211429150,20644420,1
73850532,340376505,1
1695442555,2322065402,1
46818975,340376505,1
54062781,294340629,2
2437652922,18794041,1
247696871,31069840,2
31069840,267601954,2
414244661,1364376428,2
24113341,51271144,1
25805982,340376505,1
2360323201,2105021,2
1690890258,1902051997,2
359236505,337995180,2
135132634,152604471,2
359236505,22874109,2
144840737,22859657,1
515078963,16329558,2
22353675,2459169938,1
22353675,221253313,3
19913546,193700451,1
2360323201,19707925,1
237559190,35466620,1
376679416,401875684,1
16329558,170276973,1
24144135,19743434,2
29694441,156928816,1
23411203,2279758842,2
64855519,14711982,1
331379045,14389384,2
1580228064,480300122,2
153410226,340376505,1
21552376,38106977,1
38771493,340376505,1
769193119,99233470,1
2473092354,8532872,1
39031633,187138183,1
41298522,1405309777,1
24825958,727039754,2
2279758842,53645593,1
22349780,36951856,1
275622946,24988494,2
1059207842,1557009919,1
719655337,2322065402,1
3236121,151232782,2
181892978,35466620,1
394344436,486241691,2
26373938,471589631,1
23395026,73850532,1
14707553,2710541450,1
773330227,358681085,1
64980891,450414092,2
61422376,340376505,1
286070167,21828233,2
1708735813,1899850260,1
19743434,217418435,1
482583016,2459169938,3
397153813,351399926,1
24825958,236763329,1
2360323201,337995180,1
24144135,80816781,2
826701510,824719051,1
1557009919,2710541450,1
219552179,2992750166,1
14707553,2907788046,1
2360323201,2975432070,1
46818975,17263897,1
34153781,51698152,2
61348039,1537918573,2
153410226,26373938,2
590023803,338382027,1
193700451,130123715,2
12201452,1874504276,2
31069840,2797758762,2
29406736,20644420,1
383446627,2710541450,1
2360323201,22006180,1
138294089,27225245,2
34161812,1059207842,2
2992750166,260677385,1
22135526,176294000,1
2949949244,20644420,1
33054023,1000801513,2
502757492,1116121759,2
1580228064,99233470,2
55566167,25000400,1
1690890258,1116121759,2
48472438,20644420,1
1059207842,2322065402,1
1248431851,779043331,1
599745022,26373938,2
1704384571,1523549617,1
401875684,35466620,1
33527714,954504506,1
162266849,300870992,1
2105021,308870516,2
19898890,1405309777,1
1955720384,3043106869,2
33054023,90119861,1
46076472,376679416,1
71416635,340376505,1
29406736,73850532,2
24825958,2907788046,1
1409775242,2344450981,2
359236505,1364376428,2
590023803,1512607639,2
1557009919,20644420,1
2105021,3006153780,1
359236505,23411203,2
2360323201,769335475,1
17227586,704903653,2
236763329,1580228064,1
2459169938,99233470,2
130417544,496854680,1
593577212,342065781,1
826701510,2969344940,1
2992750166,236729223,1
38645535,436502521,1
64980891,2459169938,2
86277690,2831363550,1
1557009919,73850532,2
359236505,555709757,2
62208019,2360323201,1
254941287,546641586,1
973811635,258750822,1
359236505,239964366,1
2300238571,3006153780,1
178183112,61348039,2
2797758762,340376505,1
46076472,3017288564,1
247696871,3017288564,1
772477398,23699500,2
189467550,54522269,1
2483605494,340376505,1
138678027,1690890258,1
1059207842,16896391,1
406075350,14711982,1
2360323201,181965556,1
33134609,19178668,1
406072074,754801375,2
2992750166,30544168,1
446631012,20644420,1
135132634,22116112,2
1955720384,170276973,2
2360323201,3041131267,1
2360323201,3015585874,1
1364376428,2710541450,1
38645535,413779729,2
25975572,35466620,1
152604471,41973345,2
21184634,780231324,1
1059207842,2831363550,2
826701510,2330373110,1
180755998,2281363548,2
39206476,35466620,1
170276973,22135526,2
1955720384,26373938,2
709105290,20644420,1
162266849,424617920,2
1059207842,20644420,1
99233470,1245735506,2
99233470,229376260,2
410748351,704903653,1
2601524623,217418435,1
593577212,2551193485,1
2360323201,2211429150,1
3017002076,599745022,1
14711982,25805982,2
236880390,590023803,1
2385999008,18933150,2
2360323201,20644420,1
108169840,2710541450,1
1512607639,20644420,1
54522269,138294089,1
130123715,167283308,1
907734912,413779729,2
2437652922,412180717,1
33134609,297148960,2
2385999008,2437652922,2
254941287,86277690,2
14711982,300870992,1
412967063,1415578772,2
2797758762,22607317,2
22840845,1199102480,1
21167865,2710541450,1
162266849,2959270807,1
79459832,19580931,2
376679416,20644420,1
33894316,599745022,1
68925769,384811971,2
2587278392,23053753,1
2601524623,25227822,2
365105604,2710541450,1
138294089,714051386,2
545159350,2587278392,1
151232782,26731498,1
297148960,38650214,1
376679416,291612312,2
247696871,22314584,1
37292428,217418435,1
359236505,23924384,2
2322065402,24791335,2
68925769,20644420,1
162266849,340376505,1
780231324,23699500,2
37532853,346491432,1
351399926,130123715,1
2360323201,22859657,1
18133726,412967063,1
35603413,25975572,1
131179888,20644420,1
410748351,526411749,1
27225245,2831363550,2
33134609,20644420,1
27225245,23535665,2
2294201833,2408638574,2
2105021,99233470,2
181892978,590023803,1
252930973,19178668,1
410748351,20644420,1
79459832,193109850,1
252930973,261479421,1
99233470,160132829,2
383603196,3043106869,1
480300122,21552376,2
359236505,14711982,2
27373318,36951856,1
77182888,189467550,1
177086028,216316484,2
25975572,90119861,1
2360323201,2294201833,1
300641932,72549881,2
2105021,14861476,2
1059207842,23924384,1
21167865,20644420,1
23747654,2887048652,2
2360323201,1920668550,1
2402894750,177134723,1
24988494,20644420,1
25807167,35466620,1
2437652922,402612676,1
27225245,77182888,2
21177426,2797758762,1
1955720384,482583016,2
384731898,773658752,1
359236505,436502521,2
24113341,1059207842,1
232728981,31076291,1
359236505,193700451,2
2829213614,99233470,1
46076472,39935935,1
130123715,558279290,2
61348039,599745022,1
2360323201,38106977,1
130123715,17021576,1
2710541450,402612676,1
19898890,2891662632,1
1184986788,105459936,2
2601524623,1690890258,2
217418435,422348926,1
291612312,31069840,2
359236505,31069840,2
160132829,16329558,2
1570350235,20644420,1
366531168,1523942082,1
193700451,254941287,1
49477936,3236121,1
359236505,2797758762,2
573614242,22871737,2
17227586,14711982,2
2360323201,14711982,1
2455918632,20644420,1
883093754,38120739,1
38388324,27406310,2
247696871,15037961,2
26373938,2831363550,1
55566167,327926324,1
162266849,3017002076,1
458151092,66063257,2
187138183,2408638574,2
26989237,73850532,2
3017002076,340376505,1
907734912,347048522,2
25807167,20644420,1
2360323201,1570350235,1
35084627,3006153780,1
384731898,2814697776,1
704903653,275622946,1
376749138,369344714,3
26142201,23910994,2
406072074,14451059,1
252930973,20644420,1
91351746,556661091,1
2322065402,23747654,2
138678027,33527714,1
556661091,33824118,2
1913262020,272701790,1
1037062796,20644420,1
17646796,780231324,1
37413076,64980891,2
46076472,431658017,2
25227822,35084627,2
138559532,2344450981,1
1017123967,236729223,2
2831363550,376679416,1
26373938,178668778,2
49477936,20644420,1
750772255,238128770,1
33134609,14711982,1
545159350,3018304886,1
376679416,3017002076,2
39935935,436502521,1
23411203,556661091,1
24825958,86277690,1
1907609012,20644420,1
414244661,152604471,2
2360323201,383446627,1
169050594,147040855,2
410748351,37413076,1
1695442555,3017288564,1
39935935,1902051997,1
544243120,130123715,1
26459797,17959710,1
727039754,750772255,1
162266849,23053753,1
2710541450,166873656,1
2360323201,269746147,1
410748351,436502521,1
26373938,327926324,2
412180717,36951856,1
131179888,51271144,1
23411203,2710541450,1
252930973,19440175,1
41973345,19178668,1
64980891,236729223,1
821176802,2587278392,1
1405309777,35084627,2
410748351,31069840,1
130123715,20644420,1
1557009919,501521155,2
2294201833,599745022,1
359236505,34094550,3
61348039,719655337,1
38120739,2549618714,2
162266849,60572195,1
2360323201,187138183,2
14711982,51271144,1
281868409,618881569,1
2459169938,614204775,2
19898890,983376769,1
397153813,130417544,1
112959280,99233470,1
2322065402,99233470,2
2437652922,1600557554,1
33894316,23411203,2
19898890,25000400,1
359236505,1133477605,2
247696871,16947907,2
2473092354,1398605364,1
193700451,714051386,2
1557009919,340376505,1
2961908465,2710541450,2
46076472,33894316,1
17263897,2408638574,1
162266849,25795054,1
2459169938,436502521,2
410748351,2483605494,1
27225245,61422376,2
151412447,20644420,1
252930973,14711982,1
15641984,34172656,1
24144135,15686545,2
36951856,21184634,2
342065781,346491432,2
160132829,2710541450,1
410748351,327926324,1
178183112,2650794800,1
36951856,36327171,2
2831363550,20644420,1
482583016,340376505,1
177086028,189467550,2
714051386,39935935,2
25000400,20658917,1
22863660,1099683991,1
170276973,480300122,2
2360323201,1076296536,1
27176695,1557009919,2
3017288564,21641042,1
590023803,20644420,1
14473703,2710541450,1
704903653,340376505,1
39935935,226904642,1
482583016,2322065402,2
74935998,346492602,1
1017123967,232728981,1
614204775,2797371979,1
2322065402,181892978,3
3017288564,254941287,1
41973345,20644420,1
67499940,19178668,1
2831363550,73850532,2
181150518,35466620,1
52374272,19178668,1
526411749,599745022,1
446232661,298498586,1
93115496,82184658,2
404060390,20644420,1
1059207842,19707925,1
189467550,239964366,1
300250907,19178668,1
590023803,77182888,2
258750822,20644420,1
573660240,340376505,1
52320378,21167865,1
26142201,590023803,1
2360323201,2324314232,1
2360323201,1093638847,1
2105021,3017288564,1
17569860,72549881,1
410748351,359236505,1
1116121759,99233470,2
378639234,99233470,1
99233470,814476685,2
175976959,23747654,2
2949949244,166947848,1
36891763,105459936,2
35084627,19178668,1
2584746324,60572195,1
103845812,20644420,1
714051386,35084627,2
130123715,297877558,1
2360323201,494505475,1
2601524623,82184658,1
723931914,824719051,2
14223097,2992750166,1
2294201833,340376505,1
359236505,1132200937,2
64855519,780231324,1
156928816,35466620,1
2360323201,1873218510,1
23699500,704903653,2
37413076,359236505,2
31069840,22135526,2
1512607639,157996080,2
247696871,22349780,2
19913546,450414092,2
264175249,27225245,1
1955720384,3017288564,2
43675137,1116110186,1
238768817,1677569143,2
2105021,2831363550,2
267133998,23747654,2
1017123967,2360323201,1
21848593,270294818,2
983376769,2467067887,2
816225757,37292428,1
2961908465,3006153780,1
152595679,1715460890,1
238103606,590023803,1
2941433214,502757492,1
74418780,590023803,1
300870992,294340629,2
2105021,20644420,1
86277690,599745022,1
480300122,591728335,2
515078963,272701790,1
22906120,20644420,1
519115078,54805470,1
2459169938,2587278392,1
2294201833,157996080,2
181892978,614204775,2
359236505,300870992,2
24791335,59699957,2
3236121,3015585874,2
826701510,2385999008,1
157996080,19580931,2
181892978,20644420,1
39935935,157996080,2
23568714,74935998,2
93115496,752078492,1
79459832,1245735506,2
359236505,46818975,2
181892978,2831363550,1
431469458,2105021,1
21167865,2189820660,1
590023803,27225245,2
65300245,19178668,1
26326439,2385999008,1
545159350,614204775,1
14473703,39935935,2
2360323201,26119836,1
22116112,64855519,2
376679416,258750822,2
9444022,20644420,1
480300122,189467550,3
144840737,51271144,1
328517201,35466620,1
79459832,2831363550,2
113312341,20644420,1
1116110186,187482736,2
46076472,29927621,2
2691817417,181892978,1
2105021,18933150,2
365105604,340376505,1
77182888,34760378,2
1059207842,300870992,1
23411203,1199102480,1
704903653,1484651119,1
2273823290,24113341,1
3063697555,187138183,1
2344450981,556661091,1
25271470,99233470,1
139676335,105459936,2
514182160,99233470,1
359236505,1664719170,2
21738556,22863660,2
2360323201,1059207842,2
17569860,2426118242,1
2360323201,300870992,1
37884446,885751759,2
526411749,340376505,1
482583016,187138183,1
37413076,482583016,4
2385999008,2992750166,1
45549451,19178668,1
19743434,804454855,2
167283308,346491432,1
180999150,20644420,1
24113341,14711982,2
1017123967,2591139138,2
38645535,36327171,2
33894316,590023803,1
31069840,23053753,1
2322065402,77182888,3
23411203,599745022,1
25807167,1093638847,1
2887048652,905966455,1
22607317,20644420,1
177134723,2992750166,1
2200418306,3017288564,1
93115496,217418435,1
359236505,20644420,1
252930973,1093638847,1
2473092354,61348039,1
252930973,22906120,1
17051256,2710541450,1
34153781,779043331,1
347048522,2992750166,1
2105021,86277690,2
46818975,994969160,1
29425573,486241691,1
64980891,2831363550,1
826701510,108012664,1
240010214,239964366,1
431658017,599745022,1
33026792,630236717,1
27225245,1059207842,2
14711982,36327171,1
46076472,2992750166,1
29178646,20644420,1
359236505,2408638574,2
24988494,2961908465,2
267133998,1557009919,2
198773386,556661091,1
26142201,14711982,2
370329077,245348903,2
3056089651,340376505,1
187138183,593577212,3
1664719170,340376505,1
86277690,340376505,1
1557009919,37532853,2
436502521,773658752,2
61348039,160132829,2
359236505,719655337,2
250597981,18794041,2
2992750166,22436706,1
37413076,2459169938,3
907734912,23935607,2
62208019,20644420,1
61348039,176294000,1
66063257,404060390,2
2590355652,2587278392,1
359236505,340376505,2
178183112,18794041,2
383603196,99233470,1
704903653,397153813,2
27608469,20644420,1
26211473,405372860,2
1059207842,2408638574,1
347048522,23747654,2
1059207842,750772255,2
31069840,16356699,2
141146064,37179327,2
18933150,1902051997,1
2287758954,130123715,1
15641984,20644420,1
1537918573,2718362810,2
175976959,146668548,2
2360323201,169833243,1
131179888,99233470,2
14711982,48472438,2
23411203,1557009919,2
14567099,26198761,2
37413076,2710541450,1
130417544,376679416,1
1133477605,20644420,1
359236505,26976949,2
193700451,2402894750,1
21543880,340376505,1
23935607,19580931,2
2437652922,57202693,1
1078684573,20644420,1
38650214,2710541450,1
2360323201,2710900951,2
1059207842,340376505,1
25227822,54062781,2
252930973,17646796,2
62208019,2408638574,1
133238401,14711982,2
347048522,376679416,2
25000400,2273823290,2
413779729,23935607,2
39935935,1557009919,2
2360323201,340376505,1
2437652922,346492602,1
1512607639,340376505,1
20569411,23935607,2
2437652922,20644420,1
39935935,2408638574,1
162266849,2360323201,2
35172803,39029948,1
482583016,79459832,2
2281953018,450414092,2
22871737,340376505,1
23411203,340376505,1
259406566,2710541450,1
2360323201,2322065402,2
39935935,2959270807,1
17569860,26989237,1
480300122,26382252,2
249953574,37532853,1
22314584,2322065402,1
217418435,61348039,1
27225245,1557009919,2
105459936,2273823290,1
331379045,181892978,1
79459832,99233470,2
22348141,229376260,1
247696871,320171714,1
2105021,26452697,2
38645535,14711982,2
160132829,1557009919,2
37413076,20644420,1
17263897,23747654,2
180755998,26927867,1
1913262020,20644420,1
238768817,270294818,2
64855519,36327171,1
826701510,24825958,1
17646796,556661091,1
26459797,14389384,2
482583016,236729223,2
2887048652,342065781,1
254941287,2887048652,2
39935935,414621260,1
2437652922,230010114,1
431658017,18096229,2
31069840,22607317,1
23910994,14711982,1
1398605364,275622946,1
26452697,714051386,1
22874109,26382252,2
578803218,20644420,1
21460983,630236717,1
27225245,340376505,1
365105604,347048522,2
714051386,2459169938,2
64855519,55566167,1
714051386,515078963,2
350209691,340376505,1
21708468,181892978,1
53128314,340376505,1
108241254,3063966541,1
153410226,327926324,1
138678027,82184658,1
24144135,14707553,2
9444022,226904642,1
99233470,3014112282,2
2437652922,1920668550,1
359236505,2483605494,1
2360323201,27502152,1
64980891,269746147,1
167221856,54522269,2
410748351,37532853,1
9444022,359236505,1
2105021,177134723,2
303055206,342065781,1
34472348,480300122,2
2949949244,983376769,2
193700451,20644420,1
2941433214,36951856,1
146668548,36891763,2
23411203,2961908465,2
62208019,3017002076,1
23747654,37179327,2
2473092354,2437652922,2
23395026,600152232,1
2360323201,413779729,1
152992187,25257175,3
1017123967,359236505,2
590023803,23747654,2
346491432,49477936,2
826701510,300870992,1
154493855,22223971,1
52320378,20644420,1
261162002,322484832,2
1386366252,35084627,1
714051386,2992750166,1
2360323201,39479903,1
22349780,51271144,1
2408638574,2710541450,1
144840737,309579914,1
24825958,31076291,1
226904642,340376505,1
2437652922,25794806,1
359236505,238128770,1
714051386,187138183,1
359236505,60572195,2
193700451,2408638574,2
2437652922,2805183704,1
247696871,573614242,1
1059207842,23053753,1
590939369,1557009919,2
2975432070,20644420,1
1116121759,2294201833,1
1677569143,366531168,1
25000400,22607317,1
413779729,1899850260,2
351399926,23935607,1
406075350,157996080,1
2437652922,2470821504,1
189467550,19178668,1
236763329,47862321,1
723931914,388206160,2
359236505,3014112282,2
351399926,558279290,1
14711982,2907788046,1
424617920,39935935,2
75142659,247696871,1
2473092354,2570427830,1
2360323201,153753775,1
26989237,189467550,2
98605029,1120831028,1
162266849,64855519,1
33144784,113312341,2
35588686,43675137,3
178183112,1116121759,2
30795707,26211473,2
198773386,2408638574,1
99233470,157996080,2
2587278392,359236505,2
24113341,19178668,1
2640990344,3043106869,1
25795054,35466620,1
410748351,376679416,1
1199102480,2426118242,1
3006153780,31069840,1
99233470,27176695,2
1899850260,41298522,1
2360323201,730916496,1
46076472,170276973,1
2202355524,1523549617,1
1132200937,25805982,2
2202355524,599745022,1
2360323201,267133998,1
254941287,160132829,2
555703941,773330227,2
55566167,3006153780,1
21738556,38397609,2
46076472,714051386,2
25807167,51271144,1
144840737,138559532,1
359236505,22006180,2
33894316,20644420,1
189467550,55566167,1
727039754,59699957,2
2601524623,33527714,1
2360323201,1587277770,1
429438198,408202188,2
704903653,414621260,1
826701510,77182888,1
37884446,709105290,1
2975658060,38106977,1
17227586,351399926,1
1059207842,16356699,2
247696871,38120739,1
14707553,22607317,1
714051386,198773386,1
2710541450,20658917,1
2949949244,181965556,1
1405309777,66063257,2
16896391,27225245,1
55508885,19178668,1
192826726,153410226,2
2959270807,2459169938,1
145596343,174573325,2
359236505,157996080,2
2949949244,2459169938,1
35084627,23747654,2
590023803,1557009919,2
198773386,1116121759,2
19898890,1523549617,1
480300122,23747654,2
2710541450,2467067887,1
240049848,779043331,1
63070517,35466620,1
170276973,25227822,2
220616405,20644420,1
714051386,1116121759,2
1405309777,298498586,2
17569860,76603658,1
714051386,254941287,2
29927621,20644420,1
220616405,182336607,1
59699957,51010405,2
2437652922,404444443,1
25807167,15641984,1
2913505338,2273823290,1
17263897,254941287,1
41973345,2408638574,1
17569860,2344987903,1
245348903,275622946,1
1184986788,36891763,2
26382252,20644420,1
907734912,99233470,1
260677385,20644420,1
2455918632,47862321,1
23699500,556661091,1
406835617,272701790,1
2710541450,25807167,1
2360323201,300641932,2
2718362810,2710541450,1
2105021,2992750166,1
245348903,599745022,1
198773386,51271144,1
278822964,2785123074,1
1059207842,157996080,1
27176695,19178668,1
139676335,2279758842,2
27608469,340376505,1
359236505,23747654,2
2360323201,51010405,1
240010214,2402894750,1
108012664,19178668,1
1695442555,99233470,2
496854680,2273823290,1
267133998,54062781,1
138559532,21738556,1
2459169938,238128770,1
2941433214,2459169938,1
157996080,33026792,1
36608957,3236121,1
457411146,798066384,2
52374272,20644420,1
27225245,320171714,2
2831363550,1116121759,2
501521155,99233470,1
27608469,157996080,2
2360323201,79459832,2
15902589,226904642,1
2437652922,773658752,1
342065781,599745022,1
2483605494,99233470,1
183950893,20644420,1
2360323201,258750822,1
23747654,340376505,1
64980891,1059207842,2
39935935,160132829,2
1103294161,20644420,1
2105021,3017002076,2
12201452,590023803,1
359236505,431658017,3
37884446,193586319,1
1059207842,181965556,1
388702412,1523549617,1
27225245,300641932,2
189467550,14711982,2
2437652922,2710900951,1
322484832,885751759,2
162266849,359236505,2
21552376,35084627,2
1690890258,2710541450,1
599745022,320171714,2
320171714,14711982,2
480300122,99233470,2
22871737,36327171,1
2105021,2408638574,1
38106977,704903653,2
247696871,91351746,3
2105021,750772255,2
38106977,28976669,2
130417544,378639234,1
34153781,28976669,2
294340629,20644420,1
2279758842,36891763,1
144403523,20644420,1
2105021,71416635,2
2360323201,25805982,1
826701510,177134723,1
181892978,1557009919,2
17263897,1849850612,1
410748351,64980891,1
414244661,1523942082,1
593577212,1965776832,1
17227586,17646796,2
17646796,86277690,1
247696871,3015585874,1
714051386,36951856,2
2360323201,49477936,2
590023803,23411203,2
44496152,412180717,2
167283308,340376505,1
2913505338,376551482,2
1690890258,1537918573,2
2105021,480300122,2
79459832,1902051997,2
2105021,24988494,2
826701510,404838497,1
856134422,2710541450,1
62208019,25805982,1
376679416,605013258,1
2587278392,2710541450,1
239964366,94730091,2
2408638574,599745022,1
2105021,113312341,2
410748351,714051386,1
23901130,714051386,2
2640990344,99233470,2
35084627,1557009919,2
37179327,19178668,1
359236505,99233470,2
108169840,35466620,1
375594832,19178668,1
25805982,2408638574,1
37413076,157996080,2
15641984,2459169938,2
826701510,15641984,1
181892978,340376505,1
99233470,414621260,2
26989237,160132829,2
340376505,2402894750,1
166873656,187138183,1
714051386,26373938,2
21738556,151232782,2
19898890,219582605,2
719655337,1557009919,2
252930973,53128314,1
170276973,39935935,2
1580228064,714051386,2
2322065402,2408638574,2
22859657,2241786542,1
2360323201,2698198794,1
17959710,14389384,2
1289990616,501521155,2
359236505,266503061,2
232728981,2322065402,2
505782890,3059555898,3
1580228064,54062781,2
61348039,21552376,2
14707553,334628923,2
12201452,376679416,1
138559532,49477936,1
2360323201,797077016,1
450414092,278830401,2
347048522,590023803,1
189467550,74935998,3
1512607639,99233470,2
1955720384,198773386,2
193700451,340376505,1
29424561,3017288564,1
135132634,178183112,2
64980891,1557009919,2
2437652922,25805982,1
450414092,2710541450,1
19898890,238128770,1
2961908465,599745022,1
71952630,20644420,1
359236505,71416635,2
24825958,2831363550,1
236763329,236242644,1
64980891,750772255,2
376679416,99233470,2
193700451,2322065402,2
543218867,340376505,1
66063257,41298522,2
189467550,175976959,1
467589404,144840737,1
1059207842,266503061,1
826701510,18794041,1
342069311,20644420,1
2360323201,25816086,1
31069840,14711982,2
22310197,2587278392,1
21848593,397153813,2
193700451,157996080,2
22863660,138559532,2
382063351,2710541450,1
2360323201,424617920,1
180755998,15374531,2
412180717,25794806,1
2227596128,1108882777,1
170276973,35084627,2
2360323201,39031633,1
138559532,170276973,1
22353675,331379045,2
291612312,29425573,1
1632123685,394344436,1
108169840,41298522,2
3063697555,590023803,1
25227822,267601954,2
181892978,1937077465,1
17646796,38106977,1
2360323201,1557009919,1
29406736,187138183,2
29424561,20644420,1
2437652922,2992750166,1
144840737,14711982,2
2437652922,2698198794,1
187138183,3043106869,3
2344450981,309579914,1
2360323201,71416635,1
242266282,555709757,1
359236505,261479421,2
1580228064,260677385,2
1059207842,414621260,1
129788257,404060390,2
17646796,181892978,1
359236505,2360323201,2
26452697,750772255,3
413779729,538482349,1
17263897,275622946,1
2941433214,99233470,1
39935935,338821106,1
31069840,160132829,2
14711982,22906120,2
249953574,253813472,1
365105604,2294201833,2
193700451,1059207842,2
108169840,1289990616,2
254941287,20644420,1
31103336,35466620,1
2360323201,2797371979,2
38650214,394344436,2
24188289,132699182,2
309579914,35466620,1
2313204931,25227822,2
135132634,2710541450,1
1874504276,599745022,1
1955720384,599745022,1
342065781,2459169938,2
39935935,22135526,2
38106977,397153813,2
22359616,51271144,1
177134723,99233470,1
538056844,1512607639,1
529090657,340376505,1
135132634,189467550,1
3049478762,21177426,1
2360323201,704903653,1
2105021,26373938,2
25227822,2797758762,2
467589404,14711982,3
267133998,25000400,1
23747654,16356699,2
198773386,25805982,1
221253313,105727782,2
359236505,2949949244,2
86277690,20644420,1
383446627,376679416,1
2691817417,247696871,1
1059207842,61348039,1
25805982,23053753,1
2105021,714051386,2
130123715,772477398,1
99233470,3017288564,2
19898890,231380572,1
38645535,21552376,2
66063257,260677385,2
2360323201,61348039,1
2961908465,340376505,1
72971775,19178668,1
46076472,2710541450,1
138294089,1523549617,1
26459797,31069840,2
178183112,23395026,2
99233470,44335896,2
25807167,34172656,1
714051386,2831363550,2
326542714,1108533062,1
182336607,25805982,1
29927621,340376505,1
22349780,19178668,1
52374272,38645535,3
1690890258,599745022,1
410748351,556661091,1
27176695,151232782,2
263440464,116074537,1
254941287,39935935,2
416081088,22349780,2
359236505,1849850612,2
193700451,375617596,1
489247802,1899850260,2
135132634,20644420,1
25000400,358681085,1
9444022,1116110186,1
189467550,162327572,1
22349780,14707553,1
275622946,30544168,1
1955720384,714051386,3
162266849,29927621,2
1059207842,23935607,1
2360323201,2949949244,1
170276973,31069840,2
3017288564,340376505,1
1116121759,2408638574,1
14711982,236763329,1
35615013,20644420,1
15641984,51271144,1
2360323201,239964366,1
636777046,20644420,1
38650214,397153813,2
181892978,14711982,2
217761175,19178668,1
24988494,590023803,1
138559532,1364376428,1
2587278392,599745022,1
29927621,414244661,1
2273632160,238128770,1
14451059,25805982,2
238768817,19440175,2
704903653,38290921,1
233294351,515078963,1
135132634,2408638574,2
709105290,1849850612,1
24988494,254941287,1
2273823290,37179327,1
1580228064,949380854,2
2797758762,22135526,2
34760378,1199102480,1
264598651,298498586,2
26989237,25227822,2
24825958,59699957,2
62208019,376679416,1
43306480,19178668,1
359236505,599185040,2
1512607639,2408638574,3
242266282,2820779388,1
599745022,3017288564,2
2315231857,239964366,1
1120831028,41298522,2
359236505,1116110186,1
55566167,20644420,1
1398605364,351399926,1
2360323201,3063966541,1
2105021,160132829,2
180755998,347048522,2
38290921,33026792,2
64980891,714051386,2
590023803,431658017,2
26976949,20644420,1
138559532,20644420,1
359236505,19913546,2
33485745,22359616,1
431658017,20644420,1
2313204931,3006153780,1
23935607,773330227,2
2601524623,61348039,2
19898890,590023803,1
26373938,2360323201,1
157948722,20644420,1
64855519,38106977,1
99233470,3006153780,1
2437652922,144840737,1
80471345,2797758762,1
480300122,31069840,2
39935935,1849850612,1
983376769,275622946,2
17263897,33894316,1
38290921,605013258,2
18110747,338821106,1
1690890258,1557009919,2
26373938,35466620,1
413779729,217418435,2
266503061,2710541450,1
108241254,3017002076,1
1955720384,2322065402,2
2891662632,590023803,1
2640990344,20644420,1
2483605494,450414092,2
359236505,21167865,2
62208019,60572195,1
614204775,86277690,2
22874109,20644420,1
62391759,34760378,1
37884446,86277690,1
34472348,229376260,2
51698152,226904642,1
1132427582,20644420,1
44025107,38106977,1
704903653,2402894750,1
19524046,486241691,2
714051386,1512607639,2
217418435,1902051997,1
2718362810,22607317,2
263440464,167283308,2
157996080,2831363550,1
193700451,176294000,1
2437652922,72549881,1
254941287,599745022,1
2313204931,14711982,2
35603413,2273823290,1
1690890258,340376505,1
435515048,20644420,1
189467550,1324227378,1
431658017,340376505,2
138294089,2322065402,2
2360323201,14389384,1
270294818,272701790,1
482583016,1059207842,3
296147560,630236717,1
22871737,14711982,2
406835617,20644420,1
138559532,51698152,1
26373938,20644420,1
17263897,556661091,1
429438198,105459936,2
193700451,79459832,2
21798586,11581422,1
130123715,19178668,1
17263897,2797758762,1
556661091,138294089,1
33894316,1557009919,2
198773386,25227822,2
1512607639,436502521,2
501521155,226904642,1
410748351,599185040,1
238352817,19178668,1
359236505,543218867,2
410748351,64855519,1
99233470,2650794800,1
1955720384,23411203,2
21848593,25227822,1
17646796,138559532,1
38397609,413779729,2
2464579093,130417544,1
714051386,269746147,2
2640990344,346491432,1
714051386,3017288564,2
14711982,1523942082,2
106622094,24791335,1
359236505,77050158,2
130123715,3236121,1
29425573,19524046,1
39935935,22116112,1
17569860,515078963,1
22116112,35466620,1
376679416,1902051997,2
68925769,35908340,2
33894316,340376505,1
127025784,25975572,1
27176695,19580931,2
23935607,358681085,1
2360323201,1328903425,1
545159350,359236505,1
501521155,108169840,1
39031633,340376505,1
480300122,2587278392,1
162266849,1955720384,2
2437652922,38120739,1
2756873076,2784049716,2
1059207842,350209691,1
29613877,19178668,1
62208019,546641586,1
24669894,133238401,2
187482736,366531168,1
39935935,401144533,1
2273632160,82184658,2
187138183,22310197,2
2584746324,590023803,2
178183112,3006153780,1
63070517,20644420,1
16896391,20644420,1
3063697555,20644420,1
236763329,496854680,1
178183112,220616405,2
264598651,2961908465,2
2294201833,25805982,2
482583016,20644420,1
590023803,135132634,2
24825958,35172803,1
2941433214,2831363550,1
1484651119,556661091,1
232728981,238768817,2
590023803,300870992,2
2360323201,538056844,1
181892978,22906120,2
358681085,61348039,2
26989237,14711982,2
66063257,388607452,2
247696871,599745022,1
561596765,1199102480,1
29406736,340376505,1
1580228064,20644420,1
436502521,404060390,2
22859657,73850532,1
2189820660,2710541450,1
29694441,346491432,1
107244494,73850532,2
2385999008,1099683991,1
24791335,750772255,3
1415578772,2878701780,1
2949949244,340376505,1
152604471,16356699,2
14711982,138559532,1
2105021,22874109,2
907734912,714051386,2
252930973,64855519,1
152604471,397153813,2
54522269,130417544,1
53128314,261479421,2
1103294161,1715460890,2
2360323201,2570427830,1
2360323201,86277690,1
138559532,2710541450,1
907734912,54062781,2
14473703,31069840,2
162266849,22871737,1
476350851,397153813,1
431658017,2710541450,1
497437094,26182948,2
238128770,178668778,1
189467550,187482736,2
254941287,340376505,1
23747654,157996080,1
17227586,772477398,1
175261461,153410226,1
177086028,116074537,1
2459169938,20644420,1
769193119,1116121759,2
38106977,3236121,1
14711982,779043331,1
320171714,22135526,2
410748351,39935935,1
1099683991,779043331,1
254941287,2322065402,2
954504506,99233470,1
599745022,160132829,2
714051386,773330227,2
180999150,340376505,2
1580228064,294340629,2
144840737,20644420,1
2959270807,2587278392,1
170276973,19580931,2
278822964,704903653,2
816225757,538482349,1
714051386,170276973,1
193700451,24791335,2
14711982,105334811,2
19331073,532938116,2
1059207842,77182888,1
242266282,502866773,1
167283308,19178668,1
105459936,2710541450,1
43675137,480300122,2
151232782,297148960,2
883093754,20644420,1
1059207842,38290921,1
181892978,26119836,2
39935935,22871737,2
2360323201,1133477605,1
2360323201,38290921,1
44496152,1537918573,2
79459832,376679416,2
450414092,515078963,2
52374272,590023803,1
177134723,480300122,2
294340629,340376505,1
175976959,2273823290,1
38650214,14707553,1
1557009919,22135526,2
1580228064,86277690,2
198773386,14711982,2
25227822,73850532,2
17569860,2760364394,1
130123715,14711982,2
2459169938,39935935,2
2584746324,33824118,2
2360323201,22436706,1
23757424,19178668,1
1059207842,27850819,1
410748351,35084627,1
143770402,49477936,2
2385999008,130417544,1
17569860,47862321,2
359236505,181892978,2
135132634,22349780,2
77182888,297148960,2
24113341,103845812,1
17227586,278822964,1
44496152,20644420,1
29694441,1523549617,1
2202355524,20644420,1
55566167,556661091,1
14770241,556661091,1
2829213614,2710541450,1
480300122,300870992,2
152604471,49477936,2
130123715,780231324,2
108241254,25805982,1
459768241,54522269,2
26198761,197390159,1
162266849,714051386,2
24085297,20644420,1
2459169938,1116121759,3
35235179,20644420,1
27225245,501521155,2
15641984,22906120,2
77182888,2831363550,2
1364376428,340376505,1
17569860,31076291,1
160528143,9444022,1
750772255,450414092,2
1059207842,2402894750,1
34172656,1523549617,1
308870516,20644420,1
254941287,61422376,1
17569860,2313317216,1
21738556,1405309777,1
359236505,556661091,1
24825958,750772255,1
2949949244,187138183,1
175976959,105459936,1
73850532,130417544,1
138294089,590023803,1
176763671,599745022,1
178183112,943210460,3
1537918573,275622946,1
480300122,37179327,2
436502521,599745022,2
1000801513,90119861,1
144840737,35172803,1
2105021,859315052,1
1537918573,599745022,1
254941287,375617596,1
2300238571,25807167,2
413779729,297148960,2
26976949,590023803,1
116545134,26452697,2
26459797,34153781,2
58749535,27176695,2
144840737,1199102480,1
590023803,31069840,2
2360323201,216599063,1
25227822,422348926,2
27608469,193700451,1
25807167,38290921,1
347048522,1133477605,1
43656765,2423480636,1
2595778357,1017123967,1
27632737,1874504276,1
388702412,297148960,2
2437652922,38106977,1
137611265,26459797,2
71952630,590023803,1
131179888,714051386,2
66063257,2797758762,2
472498824,82382073,2
1570350235,340376505,1
25807167,21848593,1
9444022,342065781,1
480300122,1132200937,1
16329558,135132634,1
2105021,2640990344,2
23935607,2710541450,1
21184634,590023803,1
2360323201,3019484551,1
193700451,77182888,2
332733532,2273823290,1
22871737,2710541450,1
2385999008,20644420,1
412967063,2402894750,1
233294351,599745022,1
157996080,35084627,2
331379045,1386366252,2
22470188,590023803,1
23935607,20658917,1
376679416,450414092,2
472892458,599745022,1
64177263,2408638574,1
37532853,20644420,1
99233470,23699500,2
600152232,368273781,2
61348039,1405309777,1
43675137,2273823290,1
79459832,446232661,1
826701510,130417544,1
193700451,153410226,2
990206568,99233470,1
26452697,22871737,2
2829213614,1874504276,1
178183112,414244661,2
236242644,35466620,1
478304315,15037961,2
25816086,599745022,1
153410226,25227822,1
23699500,2710541450,1
193700451,424617920,2
64855519,351399926,1
178957471,38106977,1
2313204931,20644420,1
52320378,99233470,1
1405309777,413779729,2
2344450981,538482349,1
25991480,53645593,1
16896391,340376505,1
2360323201,8532872,1
26403375,750772255,1
67499940,243502830,2
714051386,750772255,2
773658752,103845812,2
157996080,2959270807,2
74418780,99233470,1
37600849,21855539,2
44496152,599745022,1
2360323201,2591139138,1
9444022,404060390,1
26198761,16947907,1
489247802,480300122,2
505651301,20644420,1
264175249,74418780,1
217418435,1523942082,1
3063966541,599745022,1
236729223,138559532,1
53348173,2322065402,1
64980891,39935935,2
1695442555,750772255,2
170276973,450414092,2
106622094,20644420,1
22840845,23910994,2
1245735506,26382252,2
193700451,905966455,1
240049848,2385999008,1
267601954,2710541450,1
281868409,2992750166,1
2105021,275622946,1
193700451,1512607639,2
814476685,27225245,1
480300122,29406736,1
298498586,66063257,2
217418435,384731898,2
327926324,515078963,2
75142659,197390159,2
17263897,272701790,1
219552179,2570427830,1
39935935,267133998,1
394496111,47940669,1
54062781,340376505,1
19178668,359338828,1
2105021,599745022,1
138559532,14451059,1
26142201,19178668,1
1537918573,157996080,2
2360323201,132699182,1
181892978,2483605494,2
501521155,480300122,1
12385682,35466620,1
436974411,99233470,1
31069840,157996080,2
144840737,1093638847,1
98605029,2891662632,1
480300122,750772255,2
201303134,29406736,1
2154218233,1013404638,2
3017002076,1557009919,2
193700451,590023803,1
36327171,14567099,2
86277690,3017002076,1
130123715,22607317,2
61422376,2831363550,1
25227822,16356699,2
1512607639,2992750166,1
359236505,1902051997,2
1537918573,22607317,2
37292428,2710541450,1
264598651,53128314,1
410748351,162266849,1
23395026,180999150,1
1008161004,20644420,1
410748351,2459169938,1
2360323201,575139959,1
359236505,3017002076,2
480300122,1245880722,2
412967063,2408638574,2
1849850612,99233470,1
130123715,334628923,1
38397609,3236121,1
170276973,29927621,2
138559532,340376505,1
297877558,340376505,1
2322065402,39935935,2
44496152,1557009919,2
309579914,236763329,1
2105021,359236505,2
532938116,2105021,1
394344436,3236121,1
46076472,254941287,2
138294089,19178668,1
436502521,270294818,2
64855519,17646796,2
463523296,556506194,1
99233470,226904642,2
2470821504,38290921,1
103838251,20731075,3
2437652922,19440175,1
2360323201,17263897,2
1415578772,750525991,1
24825958,198773386,1
19898890,359236505,1
198773386,2710541450,1
546641586,46818975,2
446631012,480300122,2
2992750166,373336615,1
267133998,450414092,2
599745022,39935935,2
27406310,35172803,1
44496152,340376505,1
19660722,20644420,1
714051386,2710541450,1
55566167,238128770,1
26976949,19178668,1
346491432,86277690,2
2360323201,2341307978,1
1405309777,26459797,2
714051386,61422376,2
480300122,27225245,1
162266849,376679416,1
2360323201,34760378,1
170276973,266010557,2
590023803,36327171,2
1851298633,20644420,1
2360323201,2423480636,1
25227822,22607317,1
1955720384,20644420,1
144840737,17646796,2
25227822,23747654,2
359236505,412180717,2
359236505,86277690,1
429438198,175976959,2
489247802,272701790,1
254941287,590939369,1
135132634,36951856,2
178183112,39935935,2
21184634,19178668,1
359236505,226904642,2
23411203,450414092,2
267133998,238128770,1
2385999008,1116110186,2
2313204931,236242644,1
262389370,99233470,1
113312341,9444022,1
359236505,22871737,2
130417544,28267249,1
37104990,181892978,1
342065781,43517398,2
86277690,337995180,2
130417544,19707925,1
189467550,146668548,2
27176695,486241691,1
22859657,34760378,1
410748351,750772255,1
23747654,19178668,1
247696871,36951856,2
14711982,290281469,2
267133998,1937077465,1
138294089,121728542,2
44496152,23411203,2
138294089,77182888,2
131179888,376679416,2
19898890,141132001,1
826701510,2473092354,1
44335896,590023803,1
413779729,773330227,2
1116121759,14711982,2
2941433214,1557009919,1
160528143,19580931,1
266503061,590023803,1
826701510,37179327,1
412967063,21855539,2
91351746,35466620,1
2686563469,21177426,1
2941433214,769193119,1
29406736,1955720384,4
3063697555,340376505,1
17263897,515078963,1
300870992,2710541450,1
25807167,138559532,1
1677569143,232728981,1
410748351,138294089,1
359236505,21848593,1
2403260629,1523549617,1
3236121,141132001,2
24152253,51010405,2
24988494,599745022,1
169833243,515078963,1
2360323201,3014112282,1
280312903,99233470,1
2281953018,2273823290,1
17646796,23699500,2
152604471,275622946,1
2797758762,338382027,1
26373938,2341307978,1
187138183,376679416,2
66063257,20644420,1
33054023,135132634,1
152595679,20644420,1
2322065402,26452697,2
417901178,258750822,1
37413076,1059207842,2
247696871,38645535,3
2459169938,2408638574,1
152604471,599745022,1
23935607,1557009919,2
37413076,1955720384,3
77182888,303055206,2
22006180,2467067887,1
410748351,254941287,1
23901130,1116121759,2
2360323201,619903250,1
24791335,238128770,1
181892978,25805982,2
1913262020,599745022,1
238768817,272701790,1
1899850260,1289990616,2
954504506,34517703,2
181892978,2961908465,2
19898890,599745022,2
29406736,359236505,3
138294089,338821106,1
26142201,34760378,2
99233470,26382252,2
2313204931,1093638847,1
162266849,546641586,1
2941433214,27225245,1
410748351,22871737,1
66063257,18933150,2
64980891,157996080,2
144840737,31103336,1
170276973,590023803,1
9444022,773658752,1
43675137,33824118,2
298498586,1415578772,2
359236505,26373938,2
17569860,2797758762,1
535180227,99233470,1
138373439,34172656,1
383603196,2831363550,1
2470821504,20644420,1
38398282,599745022,1
359236505,714051386,2
151412447,34153781,2
23411203,2992750166,1
424617920,275622946,1
178183112,36951856,2
34472348,170276973,1
104086318,31076291,1
3049478762,300870992,1
26452697,153410226,1
108241254,359236505,2
38106977,402612676,1
2408638574,157996080,2
65300245,549246199,1
46076472,2322065402,1
247696871,2322065402,1
138678027,61348039,1
35603413,332733532,1
54517562,2949949244,1
990206568,1015170002,2
138294089,278830401,3
182336607,26198761,2
2154193748,1013404638,2
42542097,275622946,1
12201452,198773386,1
22999093,177437874,1
144840737,2360323201,2
2570427830,20644420,1
267133998,14711982,2
1133477605,340376505,1
2437652922,38290921,1
14711982,404060390,2
2313204931,22607317,2
232741193,103845812,1
14223097,2105021,1
2360323201,340080135,1
15641984,2322065402,2
376679416,170276973,1
8018342,170276973,1
2797758762,99233470,1
526411749,1557009919,2
714051386,25805982,1
636777046,35466620,1
1523942082,2718362810,2
15641984,157996080,2
480300122,260677385,2
579762973,2408638574,2
14223097,714051386,1
77182888,1557009919,2
24791335,22859657,2
714051386,599745022,1
31069840,23935607,2
410748351,36951856,1
591728335,20644420,1
2437652922,44496152,1
2403260629,340376505,1
599745022,1093638847,1
412180717,20644420,1
351399926,39935935,1
77182888,750772255,2
24669894,714051386,1
599745022,340376505,1
79459832,20644420,1
177134723,404060390,2
189467550,20644420,1
108241254,99233470,1
885751759,32345052,2
410748351,170276973,1
2473092354,556661091,1
36951856,614204775,2
590023803,17263897,2
64177263,368273781,1
2408638574,2961908465,2
1059207842,17335247,2
62391759,39206476,2
181892978,2408638574,1
25227822,23411203,2
3063697555,170276973,1
410748351,26373938,1
77182888,340376505,1
36327171,1535422453,2
3056089651,130123715,1
1923691058,20644420,1
254941287,33894316,2
2941433214,64980891,1
60572195,340376505,1
25227822,17646796,2
300641932,31069840,2
9444022,2459169938,1
39242479,19178668,1
243502830,157996080,1
413779729,2831363550,1
27225245,23747654,2
24825958,35466620,1
64980891,187138183,1
2831363550,599745022,1
178183112,41973345,2
113312341,31103336,2
24825958,297148960,2
17263897,3017288564,1
254941287,181892978,2
232728981,340376505,1
64980891,20644420,1
714051386,614204775,1
1333946204,1131146245,3
2459169938,36951856,2
17263897,99233470,1
47074796,35466620,1
281868409,35466620,1
2698198794,618881569,2
22359616,20644420,1
24791335,14711982,2
3049478762,169833243,1
44025107,66063257,1
365105604,61348039,2
413779729,14451059,1
2587278392,187138183,2
450414092,590023803,1
2473092354,130417544,1
219552179,236763329,1
19440175,239964366,1
769335475,286070167,1
106622094,1422546212,2
2105021,254941287,2
2601524623,22607317,2
18096229,23053753,1
253830888,19178668,1
2437652922,27502152,1
22729966,31069840,2
21855539,80816781,1
258750822,599745022,1
219552179,779043331,1
450414092,269746147,2
417901178,556661091,1
714051386,1557009919,2
35603413,537920464,1
23411203,99233470,2
2385999008,500478646,1
2459169938,2273823290,1
26472217,414621260,1
714051386,169833243,1
983376769,160132829,2
2426118242,13005572,1
64980891,2408638574,1
1405309777,23935607,2
22359616,178668778,2
417901178,704903653,1
38645535,26119836,1
2360323201,600140001,1
254941287,590023803,1
24791335,590023803,2
2941433214,198773386,1
247696871,39935935,2
266503061,35466620,1
599745022,3063697555,2
2360323201,1923691058,1
254941287,2710541450,2
18933150,25794695,1
2665444388,20644420,1
714051386,450414092,2
12201452,3017288564,1
24669894,261162002,1
2360323201,824719051,1
2281363548,26927867,1
2992750166,272701790,1
27225245,99233470,2
23901130,157996080,1
2941433214,590023803,1
410748351,543218867,1
359236505,37532853,2
236763329,20644420,1
714051386,2322065402,2
55566167,27850819,1
18889369,247696871,1
907734912,192826726,2
2470821504,23053753,1
2437652922,804454855,1
2105021,1523549617,1
2385999008,704903653,2
62208019,515078963,1
181892978,2423480636,1
55566167,23395026,1
2105021,1955720384,2
2437652922,153753775,1
170276973,19178668,1
34172656,35466620,1
19898890,2483605494,1
25227822,14711982,2
2408638574,340376505,1
64980891,27225245,2
26459797,22871737,1
515078963,20644420,1
38645535,20908942,1
18794041,327926324,1
359236505,2913505338,2
23411203,885751759,2
226904642,48472438,2
34161812,3236121,1
17569860,33527714,1
100658892,53645593,2
826701510,2992750166,1
187138183,599745022,1
2831363550,18096229,2
431469458,22871737,1
103845812,189467550,1
46076472,320171714,1
412180717,599745022,1
247696871,21552376,2
35084627,450414092,2
3236121,275622946,1
1580228064,23747654,2
1580228064,1965776832,2
21848593,35466620,1
138678027,267601954,1
1955720384,1059207842,2
247696871,52374272,3
17569860,1523549617,1
79459832,599745022,1
2105021,170276973,2
60572195,187138183,1
2949949244,1133477605,2
2437652922,327312396,1
714051386,44335896,2
424617920,2710541450,1
375617596,340376505,1
714051386,23411203,2
719655337,376679416,2
275622946,36327171,1
22871737,590023803,1
68945794,20644420,1
19580931,2710541450,1
247696871,590023803,1
2437652922,24085297,1
410748351,2831363550,1
2437652922,3029840821,1
2360323201,2969344940,1
714051386,16896391,2
130123715,17646796,2
543218867,450414092,2
160528143,167221856,1
21738556,15929162,2
1955720384,36951856,3
27225245,885751759,2
37329464,22436706,1
41973345,272701790,1
300870992,340376505,1
37179327,229376260,1
907734912,20644420,1
61348039,907734912,1
2273632160,15641984,2
359236505,376679416,2
20569411,2710541450,1
1537918573,2949949244,1
219552179,1093638847,1
261479421,340376505,1
24144135,146668548,2
1405309777,31069840,3
157996080,23935607,2
1059207842,2949949244,2
175976959,139676335,2
2313204931,144840737,2
17263897,431658017,2
2294201833,538056844,2
51698152,26198761,2
39935935,153410226,1
19707925,2710541450,1
358681085,983376769,2
303055206,97844235,1
459768241,35466620,1
24988494,320171714,1
2473092354,23901130,1
130123715,48472438,2
29406736,53645593,2
180755998,14707553,2
22116112,36951856,2
238882525,1245735506,2
1902051997,340376505,1
359236505,342065781,2
35084627,35466620,1
66063257,23747654,2
36327171,16947907,2
9444022,270294818,1
359236505,25227822,2
1955720384,25816086,2
2831363550,515078963,2
130123715,486241691,1
303055206,954504506,1
600152232,2408638574,3
2315231857,779043331,1
954504506,44335896,2
370329077,599745022,1
178183112,449534540,2
16947907,14711982,2
2473092354,353533765,1
436502521,3006153780,1
2360323201,72549881,1
275622946,529090657,2
590023803,359236505,3
1955720384,1557009919,2
290281469,340376505,1
23901130,266503061,1
515078963,1512607639,1
1059207842,412180717,1
17021576,13501122,2
55566167,25807167,2
1955720384,750772255,2
35603413,1523549617,1
2105021,2322065402,1
1693969812,1523549617,1
138559532,239964366,1
3038914968,167221856,1
1902051997,22607317,2
23747654,25805982,2
23910994,86277690,1
2279758842,264598651,1
2941433214,178183112,1
37884446,346491432,1
52374272,16947907,1
2360323201,19440175,2
359236505,42542097,2
160132829,23935607,2
25795054,2710541450,1
138373439,2587278392,1
3017002076,20644420,1
1059207842,64855519,2
14711982,130417544,1
14711982,17569860,1
104731954,1874504276,1
1874504276,340376505,1
1955720384,340376505,1
22135526,2408638574,1
275622946,22874109,2
410748351,1512607639,1
181892978,157996080,1
2402894750,1557009919,2
1695442555,346491432,1
167283308,22607317,1
2710541450,133238401,1
9444022,3006153780,1
2437652922,1398605364,1
15641984,23053753,1
2590355652,34228847,1
366531168,502757492,1
162327572,1059207842,1
309579914,14711982,2
714051386,14711982,2
25000400,23935607,1
25227822,16329558,2
412180717,157996080,2
590023803,907734912,2
3017288564,3017002076,1
21552376,1535422453,2
252930973,153410226,1
44335896,2710541450,1
515078963,2710541450,1
139676335,169326150,1
79459832,157996080,2
52374272,36327171,2
247696871,19707925,1
47862321,144840737,1
590023803,99233470,2
545159350,2797371979,1
376679416,2710541450,1
19707925,19580931,2
62208019,99233470,1
2105021,23411203,2
1059207842,24825958,2
254941287,275622946,1
36951856,1116121759,3
2360323201,229376260,2
883093754,99233470,1
138294089,340376505,1
39935935,2710541450,1
64855519,297877558,1
359236505,53128314,1
2360323201,74418780,1
2360323201,27608469,1
51271144,425480166,1
37413076,376679416,2
39935935,3017288564,1
2224896846,465311165,1
2105021,515078963,2
138559532,19440175,1
23757424,33144784,1
480300122,2294201833,1
162327572,91351746,1
138559532,994969160,1
36327171,22349780,2
121728542,3017288564,1
43069125,2710541450,1
1261319822,34153781,1
410748351,2710541450,1
410748351,269746147,1
22863660,29424561,1
2437652922,66063257,1
66063257,1557009919,2
198773386,590023803,1
2459169938,1512607639,2
43069125,107138512,2
2831363550,14711982,2
14223097,20644420,1
26976949,340376505,1
178183112,49477936,2
24669894,187138183,1
501521155,35084627,1
2360323201,2365152944,1
2587278392,340376505,1
162266849,19580931,2
23935607,217418435,1
